dataset,condition,category,support,predicted_count,true_positive,false_positive,false_negative,precision,recall,f1
aegis,label_only,FM-1.1,13,38,7,31,6,0.18421052631578946,0.5384615384615384,0.2745098039215686
aegis,label_only,FM-1.2,7,0,0,0,7,0.0,0.0,0.0
aegis,label_only,FM-1.3,4,3,0,3,4,0.0,0.0,0.0
aegis,label_only,FM-1.4,2,0,0,0,2,0.0,0.0,0.0
aegis,label_only,FM-1.5,9,0,0,0,9,0.0,0.0,0.0
aegis,label_only,FM-2.1,8,26,3,23,5,0.11538461538461539,0.375,0.1764705882352941
aegis,label_only,FM-2.2,6,0,0,0,6,0.0,0.0,0.0
aegis,label_only,FM-2.3,8,6,2,4,6,0.3333333333333333,0.25,0.28571428571428575
aegis,label_only,FM-2.4,3,0,0,0,3,0.0,0.0,0.0
aegis,label_only,FM-2.5,5,0,0,0,5,0.0,0.0,0.0
aegis,label_only,FM-2.6,10,17,4,13,6,0.23529411764705882,0.4,0.29629629629629634
aegis,label_only,FM-3.1,8,5,3,2,5,0.6,0.375,0.4615384615384615
aegis,label_only,FM-3.2,6,0,0,0,6,0.0,0.0,0.0
aegis,label_only,FM-3.3,8,2,0,2,8,0.0,0.0,0.0
aegis,own_taxonomy,FM-1.1,13,36,7,29,6,0.19444444444444445,0.5384615384615384,0.28571428571428575
aegis,own_taxonomy,FM-1.2,7,2,0,2,7,0.0,0.0,0.0
aegis,own_taxonomy,FM-1.3,4,21,3,18,1,0.14285714285714285,0.75,0.24
aegis,own_taxonomy,FM-1.4,2,0,0,0,2,0.0,0.0,0.0
aegis,own_taxonomy,FM-1.5,9,0,0,0,9,0.0,0.0,0.0
aegis,own_taxonomy,FM-2.1,8,10,1,9,7,0.1,0.125,0.11111111111111112
aegis,own_taxonomy,FM-2.2,6,0,0,0,6,0.0,0.0,0.0
aegis,own_taxonomy,FM-2.3,8,8,3,5,5,0.375,0.375,0.375
aegis,own_taxonomy,FM-2.4,3,0,0,0,3,0.0,0.0,0.0
aegis,own_taxonomy,FM-2.5,5,1,0,1,5,0.0,0.0,0.0
aegis,own_taxonomy,FM-2.6,10,11,3,8,7,0.2727272727272727,0.3,0.28571428571428564
aegis,own_taxonomy,FM-3.1,8,4,3,1,5,0.75,0.375,0.5
aegis,own_taxonomy,FM-3.2,6,0,0,0,6,0.0,0.0,0.0
aegis,own_taxonomy,FM-3.3,8,4,0,4,8,0.0,0.0,0.0
aegis,foreign_taxonomy,FM-1.1,13,23,4,19,9,0.17391304347826086,0.3076923076923077,0.2222222222222222
aegis,foreign_taxonomy,FM-1.2,7,2,0,2,7,0.0,0.0,0.0
aegis,foreign_taxonomy,FM-1.3,4,1,0,1,4,0.0,0.0,0.0
aegis,foreign_taxonomy,FM-1.4,2,0,0,0,2,0.0,0.0,0.0
aegis,foreign_taxonomy,FM-1.5,9,0,0,0,9,0.0,0.0,0.0
aegis,foreign_taxonomy,FM-2.1,8,29,4,25,4,0.13793103448275862,0.5,0.2162162162162162
aegis,foreign_taxonomy,FM-2.2,6,0,0,0,6,0.0,0.0,0.0
aegis,foreign_taxonomy,FM-2.3,8,12,2,10,6,0.16666666666666666,0.25,0.2
aegis,foreign_taxonomy,FM-2.4,3,0,0,0,3,0.0,0.0,0.0
aegis,foreign_taxonomy,FM-2.5,5,0,0,0,5,0.0,0.0,0.0
aegis,foreign_taxonomy,FM-2.6,10,18,3,15,7,0.16666666666666666,0.3,0.21428571428571427
aegis,foreign_taxonomy,FM-3.1,8,10,3,7,5,0.3,0.375,0.33333333333333326
aegis,foreign_taxonomy,FM-3.2,6,0,0,0,6,0.0,0.0,0.0
aegis,foreign_taxonomy,FM-3.3,8,2,0,2,8,0.0,0.0,0.0
aegis,merged_taxonomy,FM-1.1,13,30,5,25,8,0.16666666666666666,0.38461538461538464,0.2325581395348837
aegis,merged_taxonomy,FM-1.2,7,0,0,0,7,0.0,0.0,0.0
aegis,merged_taxonomy,FM-1.3,4,1,0,1,4,0.0,0.0,0.0
aegis,merged_taxonomy,FM-1.4,2,0,0,0,2,0.0,0.0,0.0
aegis,merged_taxonomy,FM-1.5,9,1,0,1,9,0.0,0.0,0.0
aegis,merged_taxonomy,FM-2.1,8,28,5,23,3,0.17857142857142858,0.625,0.2777777777777778
aegis,merged_taxonomy,FM-2.2,6,0,0,0,6,0.0,0.0,0.0
aegis,merged_taxonomy,FM-2.3,8,13,4,9,4,0.3076923076923077,0.5,0.380952380952381
aegis,merged_taxonomy,FM-2.4,3,0,0,0,3,0.0,0.0,0.0
aegis,merged_taxonomy,FM-2.5,5,0,0,0,5,0.0,0.0,0.0
aegis,merged_taxonomy,FM-2.6,10,16,5,11,5,0.3125,0.5,0.38461538461538464
aegis,merged_taxonomy,FM-3.1,8,6,3,3,5,0.5,0.375,0.42857142857142855
aegis,merged_taxonomy,FM-3.2,6,0,0,0,6,0.0,0.0,0.0
aegis,merged_taxonomy,FM-3.3,8,2,0,2,8,0.0,0.0,0.0
whowhen,label_only,A.1,2,9,0,9,2,0.0,0.0,0.0
whowhen,label_only,A.2,23,18,6,12,17,0.3333333333333333,0.2608695652173913,0.2926829268292683
whowhen,label_only,A.3,141,5,1,4,140,0.2,0.0070921985815602835,0.0136986301369863
whowhen,label_only,A.4,3,11,2,9,1,0.18181818181818182,0.6666666666666666,0.28571428571428575
whowhen,label_only,R.1,43,38,20,18,23,0.5263157894736842,0.46511627906976744,0.49382716049382713
whowhen,label_only,R.2,71,297,54,243,17,0.18181818181818182,0.7605633802816901,0.29347826086956524
whowhen,label_only,R.3,49,20,5,15,44,0.25,0.10204081632653061,0.14492753623188406
whowhen,label_only,R.4,79,75,18,57,61,0.24,0.22784810126582278,0.23376623376623376
whowhen,label_only,V.1,6,1,0,1,6,0.0,0.0,0.0
whowhen,label_only,V.2,33,23,5,18,28,0.21739130434782608,0.15151515151515152,0.17857142857142858
whowhen,label_only,C.1,1,0,0,0,1,0.0,0.0,0.0
whowhen,label_only,C.2,1,1,0,1,1,0.0,0.0,0.0
whowhen,label_only,C.3,45,0,0,0,45,0.0,0.0,0.0
whowhen,label_only,PL.1,3,2,0,2,3,0.0,0.0,0.0
whowhen,own_taxonomy,A.1,2,9,0,9,2,0.0,0.0,0.0
whowhen,own_taxonomy,A.2,23,25,10,15,13,0.4,0.43478260869565216,0.41666666666666663
whowhen,own_taxonomy,A.3,141,14,1,13,140,0.07142857142857142,0.0070921985815602835,0.012903225806451613
whowhen,own_taxonomy,A.4,3,14,2,12,1,0.14285714285714285,0.6666666666666666,0.23529411764705882
whowhen,own_taxonomy,R.1,43,31,15,16,28,0.4838709677419355,0.3488372093023256,0.4054054054054055
whowhen,own_taxonomy,R.2,71,220,40,180,31,0.18181818181818182,0.5633802816901409,0.27491408934707906
whowhen,own_taxonomy,R.3,49,15,7,8,42,0.4666666666666667,0.14285714285714285,0.21874999999999997
whowhen,own_taxonomy,R.4,79,125,30,95,49,0.24,0.379746835443038,0.29411764705882354
whowhen,own_taxonomy,V.1,6,1,0,1,6,0.0,0.0,0.0
whowhen,own_taxonomy,V.2,33,45,9,36,24,0.2,0.2727272727272727,0.23076923076923075
whowhen,own_taxonomy,C.1,1,0,0,0,1,0.0,0.0,0.0
whowhen,own_taxonomy,C.2,1,0,0,0,1,0.0,0.0,0.0
whowhen,own_taxonomy,C.3,45,1,1,0,44,1.0,0.022222222222222223,0.04347826086956522
whowhen,own_taxonomy,PL.1,3,0,0,0,3,0.0,0.0,0.0
whowhen,foreign_taxonomy,A.1,2,11,0,11,2,0.0,0.0,0.0
whowhen,foreign_taxonomy,A.2,23,13,2,11,21,0.15384615384615385,0.08695652173913043,0.1111111111111111
whowhen,foreign_taxonomy,A.3,141,11,2,9,139,0.18181818181818182,0.014184397163120567,0.026315789473684213
whowhen,foreign_taxonomy,A.4,3,17,3,14,0,0.17647058823529413,1.0,0.3
whowhen,foreign_taxonomy,R.1,43,37,17,20,26,0.4594594594594595,0.3953488372093023,0.425
whowhen,foreign_taxonomy,R.2,71,251,47,204,24,0.18725099601593626,0.6619718309859155,0.2919254658385093
whowhen,foreign_taxonomy,R.3,49,17,5,12,44,0.29411764705882354,0.10204081632653061,0.15151515151515152
whowhen,foreign_taxonomy,R.4,79,107,19,88,60,0.17757009345794392,0.24050632911392406,0.20430107526881722
whowhen,foreign_taxonomy,V.1,6,1,0,1,6,0.0,0.0,0.0
whowhen,foreign_taxonomy,V.2,33,35,6,29,27,0.17142857142857143,0.18181818181818182,0.1764705882352941
whowhen,foreign_taxonomy,C.1,1,0,0,0,1,0.0,0.0,0.0
whowhen,foreign_taxonomy,C.2,1,0,0,0,1,0.0,0.0,0.0
whowhen,foreign_taxonomy,C.3,45,0,0,0,45,0.0,0.0,0.0
whowhen,foreign_taxonomy,PL.1,3,0,0,0,3,0.0,0.0,0.0
whowhen,merged_taxonomy,A.1,2,7,0,7,2,0.0,0.0,0.0
whowhen,merged_taxonomy,A.2,23,19,5,14,18,0.2631578947368421,0.21739130434782608,0.23809523809523808
whowhen,merged_taxonomy,A.3,141,10,1,9,140,0.1,0.0070921985815602835,0.013245033112582781
whowhen,merged_taxonomy,A.4,3,17,3,14,0,0.17647058823529413,1.0,0.3
whowhen,merged_taxonomy,R.1,43,34,17,17,26,0.5,0.3953488372093023,0.44155844155844154
whowhen,merged_taxonomy,R.2,71,297,47,250,24,0.15824915824915825,0.6619718309859155,0.2554347826086956
whowhen,merged_taxonomy,R.3,49,18,8,10,41,0.4444444444444444,0.16326530612244897,0.23880597014925373
whowhen,merged_taxonomy,R.4,79,59,16,43,63,0.2711864406779661,0.20253164556962025,0.23188405797101447
whowhen,merged_taxonomy,V.1,6,1,0,1,6,0.0,0.0,0.0
whowhen,merged_taxonomy,V.2,33,38,9,29,24,0.23684210526315788,0.2727272727272727,0.2535211267605634
whowhen,merged_taxonomy,C.1,1,0,0,0,1,0.0,0.0,0.0
whowhen,merged_taxonomy,C.2,1,0,0,0,1,0.0,0.0,0.0
whowhen,merged_taxonomy,C.3,45,0,0,0,45,0.0,0.0,0.0
whowhen,merged_taxonomy,PL.1,3,0,0,0,3,0.0,0.0,0.0
